sale_id,product_id,year,quantity,price
1670,1,1802,67,1888
1942,1,1802,30,3797
848,1,1840,7,2233
970,1,1851,91,2478
873,1,1860,75,406
1804,1,1860,95,6468
1347,1,1862,95,9503
1121,1,1866,65,3234
425,1,1897,29,3267
1941,1,1906,71,304
1514,1,1910,76,7541
1124,1,1930,91,1044
1823,1,1953,35,2644
750,1,1956,19,2975
581,1,1967,74,8000
1907,1,1982,95,7055
198,1,2014,46,2615
674,1,2023,43,8325
643,1,2035,92,1266
1569,1,2040,71,6661
334,1,2041,81,4295
1137,1,2067,48,806
1305,1,2088,66,4838
1648,1,2092,27,6009
1048,1,2104,58,2606
1451,1,2105,11,3350
801,1,2111,10,3896
908,1,2111,7,8380
1445,1,2117,61,4133
31,1,2141,94,5819
1425,1,2165,4,9671
685,1,2180,84,2124
799,1,2182,41,9396
83,2,1837,24,1164
475,2,1970,94,6800
624,2,2167,53,1765
677,2,1817,64,2839
721,2,2044,89,2254
828,2,1881,92,2439
853,2,2071,64,629
912,2,2161,76,2122
971,2,2187,97,6389
1215,2,1901,69,5913
1298,2,1919,52,6534
1304,2,1822,9,8320
1504,2,2131,6,9876
1546,2,1860,24,5796
1625,2,2126,83,2454
1659,2,1846,36,8342
1771,2,2031,95,3484
1817,2,2029,45,3283
1848,2,1804,29,802
1879,2,2171,66,1943
20,3,2028,28,5498
108,3,2003,85,4954
114,3,2014,50,2407
120,3,2164,40,8366
297,3,2039,39,7746
351,3,2143,7,4505
420,3,1914,35,3931
437,3,1997,61,3994
460,3,2167,34,8453
518,3,1933,6,3370
598,3,2079,20,1881
810,3,1920,88,154
919,3,1983,82,7120
981,3,2042,37,5100
1117,3,2067,27,5289
1159,3,1873,51,2056
1183,3,2000,55,8644
1219,3,2073,87,3031
1309,3,2151,68,8765
1357,3,2093,49,3143
1411,3,1990,73,8392
1435,3,1859,76,1208
1469,3,1936,25,6395
1527,3,2175,22,5699
1755,3,1948,96,4841
1893,3,2175,75,9330
1901,3,1877,68,4547
90,4,2078,25,9713
173,4,1855,64,8545
195,4,1881,6,2162
279,4,1930,60,1292
324,4,2116,1,7188
339,4,1937,41,5027
686,4,1804,10,3599
899,4,2052,73,3705
1031,4,2152,17,1841
1120,4,1925,36,496
1144,4,2046,67,2883
1202,4,2083,8,9950
1238,4,2062,100,6499
1259,4,2178,72,4989
1393,4,1880,69,1267
1422,4,2108,22,9885
1478,4,1985,30,3053
1543,4,2145,58,3716
1549,4,2043,24,1142
1619,4,2002,16,6230
1635,4,2036,72,2719
1641,4,1904,35,3935
1708,4,1917,53,7783
1933,4,1999,86,5540
1995,4,1964,81,7138
56,5,1868,90,7605
190,5,1971,13,2085
218,5,2042,64,4044
225,5,1893,26,7426
251,5,1962,36,2763
265,5,1833,62,3482
282,5,2153,86,5504
363,5,1869,5,5612
559,5,2060,19,8826
617,5,1821,14,7885
640,5,1904,15,6918
657,5,2139,43,8877
869,5,2177,57,9591
915,5,2071,40,4640
1154,5,1973,41,1351
1180,5,1850,60,299
1226,5,2117,64,847
1324,5,2117,97,4912
1548,5,2052,83,6678
1603,5,2181,11,4219
1609,5,2083,14,6673
1654,5,2184,77,122
1843,5,1846,3,9347
1852,5,2064,16,4339
1951,5,2164,84,4994
1976,5,2149,60,9733
1992,5,2010,84,2819
9,6,1914,14,8353
14,6,1981,10,5018
252,6,2129,68,1075
278,6,1909,27,724
329,6,2077,91,6886
380,6,1834,93,2849
500,6,1949,16,9713
513,6,2067,52,8081
562,6,2181,97,2562
669,6,2125,93,3041
673,6,1801,34,4392
835,6,1930,57,7443
839,6,2008,89,4014
861,6,2010,44,6186
1065,6,1935,27,489
1106,6,1872,8,7229
1146,6,1812,53,1382
1193,6,1872,7,7436
1285,6,2115,16,2067
1382,6,2138,10,6389
1443,6,2084,35,548
1456,6,1942,47,9789
1733,6,1826,65,480
1978,6,2030,77,2034
76,7,1859,9,8103
237,7,2103,32,8358
239,7,1972,67,9059
262,7,2056,48,5308
268,7,1953,58,2344
275,7,2155,49,8208
386,7,1903,6,1083
432,7,1852,49,2030
483,7,2156,62,7242
498,7,2122,15,3167
521,7,2040,11,3821
604,7,2023,55,4104
856,7,2098,88,7163
999,7,2136,88,615
1160,7,1958,45,548
1217,7,2171,21,6953
1429,7,2113,77,8923
1698,7,2190,52,1908
1729,7,2111,97,8998
1740,7,2041,47,8608
1799,7,2033,62,6355
1806,7,2085,86,6844
1904,7,2054,40,725
43,8,2182,1,7858
77,8,1946,21,1878
316,8,2111,52,6047
350,8,2164,56,8956
409,8,1974,28,8037
528,8,1869,90,6068
742,8,2156,21,2641
759,8,1950,89,8720
859,8,2164,80,7069
875,8,1835,37,5937
996,8,2031,44,6981
1069,8,1859,67,1202
1098,8,1807,36,2177
1291,8,1882,56,9520
1363,8,2060,78,921
1499,8,1902,1,6172
1588,8,1846,93,9135
1597,8,2140,35,9339
1606,8,2040,42,4048
1616,8,1899,80,2586
1878,8,1995,55,6617
28,9,1953,57,8372
51,9,1905,14,5874
204,9,2069,88,4984
214,9,2174,66,1718
463,9,1896,30,3645
600,9,1944,26,1135
773,9,1966,90,690
816,9,2140,100,4757
821,9,2092,67,8378
1103,9,1934,52,8664
1178,9,1936,49,2359
1293,9,1850,2,4660
1339,9,1931,62,5568
1416,9,1804,94,3374
1424,9,1871,17,981
1510,9,1972,17,532
1540,9,1978,41,6970
1632,9,2155,75,6556
1767,9,2098,35,4315
1818,9,2097,27,2061
1962,9,1946,82,7317
55,10,1896,92,1233
243,10,1983,100,6741
256,10,2193,7,4791
447,10,1853,46,842
466,10,2192,23,1387
517,10,1869,79,1843
822,10,2062,32,4939
826,10,2155,85,4195
862,10,2134,88,2356
916,10,2136,32,8361
959,10,2183,20,4111
984,10,2176,67,6081
1042,10,1894,92,4219
1062,10,1989,90,8845
1147,10,1835,80,2323
1321,10,1873,53,4666
1368,10,2132,41,7256
1495,10,1915,15,4524
1590,10,2139,51,1245
1783,10,1915,47,3196
1834,10,1883,42,7243
1997,10,2048,93,5022
2000,10,1837,44,8974
71,11,2002,86,9731
107,11,2084,47,6599
138,11,2199,40,2254
194,11,1966,72,9673
381,11,1951,51,5806
494,11,1874,4,4578
615,11,1980,84,3835
692,11,2197,19,7512
758,11,1915,61,9940
760,11,2056,78,1011
864,11,1852,38,6607
894,11,2045,47,4954
936,11,1837,11,7867
949,11,2061,54,5760
967,11,2058,44,7914
1029,11,1904,83,4832
1083,11,2198,73,7907
1184,11,1983,64,3479
1334,11,2023,94,2152
1354,11,1850,65,206
1360,11,1986,12,9458
1380,11,1902,41,1971
1384,11,2049,4,1188
1526,11,2007,100,5441
1572,11,1866,70,2262
1777,11,2176,85,1354
1789,11,2174,74,3110
1853,11,1867,24,5498
1930,11,1934,15,5421
154,12,1963,18,9360
156,12,1850,30,9578
245,12,2034,14,2714
283,12,1918,57,3973
338,12,1816,53,4480
421,12,2081,96,2784
430,12,2024,21,9603
465,12,2019,1,5370
502,12,2190,43,2659
543,12,1871,1,1381
595,12,1871,92,6918
682,12,1973,22,6021
713,12,2121,2,304
888,12,1974,10,1234
914,12,2194,99,2801
928,12,1950,73,4170
963,12,1902,98,1374
1058,12,1944,37,4561
1172,12,2059,35,5121
1175,12,2022,9,4576
1282,12,2141,21,6194
1420,12,1889,60,7712
1470,12,1968,93,2817
1518,12,1925,29,4864
1523,12,2080,61,6934
1545,12,1902,29,6678
1759,12,2186,30,9861
1773,12,1944,53,2759
1801,12,2121,56,3725
1826,12,2184,31,328
1845,12,1935,83,7271
53,13,1897,21,3917
82,13,2190,71,3998
148,13,1946,52,7287
200,13,2154,71,7281
201,13,2047,10,768
343,13,1886,10,6113
412,13,1817,48,7886
512,13,1847,96,1758
554,13,2136,85,3707
629,13,1915,100,5002
781,13,2005,98,7685
792,13,1846,9,5423
1055,13,1921,48,3542
1075,13,1974,41,5322
1084,13,2023,39,5502
1128,13,1977,64,2804
1136,13,2004,100,7029
1163,13,1949,46,4534
1194,13,2166,85,6727
1327,13,1810,76,3166
1366,13,2161,32,8520
1547,13,2100,55,777
1743,13,1865,36,332
22,14,1960,25,7198
97,14,1805,53,6896
290,14,2155,53,8123
353,14,2186,77,1632
504,14,1808,52,3253
754,14,1948,2,7682
788,14,2137,54,8878
795,14,1827,78,5103
989,14,2006,40,8388
993,14,2030,100,9299
1043,14,1962,58,6646
1127,14,1930,83,9309
1265,14,2099,69,5686
1269,14,1981,51,7145
1273,14,1864,1,4509
1337,14,2115,59,7033
1475,14,2150,62,3948
1501,14,1871,58,2144
1554,14,1923,18,3461
1620,14,2129,99,5791
1629,14,1857,12,982
1645,14,2135,12,6813
1713,14,1948,76,2767
1724,14,2137,36,5689
1824,14,1820,35,142
1960,14,2167,57,1867
1963,14,1861,5,1898
102,15,2030,97,9589
167,15,1880,79,5290
217,15,2111,53,2250
467,15,2103,67,2242
519,15,2189,79,1441
529,15,2020,27,2493
591,15,2018,75,966
616,15,1849,42,7864
623,15,1809,7,8955
717,15,1828,88,4915
969,15,1840,45,6404
978,15,2106,42,4019
1032,15,1967,84,4493
1076,15,2043,69,8474
1218,15,1948,56,3508
1431,15,1809,51,4389
1591,15,1867,83,8903
1601,15,2122,95,5552
1665,15,2181,26,864
1694,15,1923,74,6709
1721,15,1873,23,7151
1756,15,1886,86,1974
1889,15,2055,54,4517
1984,15,2100,46,2281
30,16,2180,46,8978
175,16,1845,45,9300
187,16,1877,67,2798
197,16,2152,34,3622
211,16,1931,2,6903
322,16,1833,18,5104
366,16,2108,66,7807
370,16,2003,82,3801
419,16,2067,46,5347
452,16,2011,3,1430
486,16,1885,22,5246
546,16,1940,30,4401
727,16,2040,52,9642
763,16,1914,12,5819
784,16,1806,21,353
870,16,1842,38,7060
1002,16,2068,68,4008
1036,16,2196,15,9170
1068,16,2200,69,4860
1131,16,2001,1,7315
1270,16,1905,21,9743
1290,16,2173,31,761
1391,16,2152,41,9434
1453,16,2188,35,556
1503,16,2117,91,2086
1533,16,1911,56,8007
1555,16,1817,87,703
1556,16,2054,10,2373
1731,16,2001,23,7534
1753,16,2167,77,3135
1797,16,2193,20,7405
1813,16,1895,55,6229
1839,16,1973,81,706
1842,16,2193,96,3894
1920,16,2113,9,4610
1943,16,2184,21,1139
58,17,2046,35,7971
229,17,2138,37,5722
360,17,2066,24,2029
441,17,2193,49,6699
557,17,2150,97,110
703,17,1944,57,4439
719,17,1934,18,7840
768,17,1888,26,2120
806,17,1933,86,6195
815,17,2158,46,6472
824,17,1850,54,8670
913,17,2033,70,888
1129,17,2007,43,3365
1152,17,1928,80,2986
1656,17,2031,60,5669
1666,17,2181,47,1439
1727,17,1934,46,2219
1741,17,1825,89,9620
1814,17,2063,50,2139
1846,17,1921,94,809
1875,17,1932,61,4728
1896,17,1963,81,5616
1924,17,1929,38,3012
72,18,1968,47,7837
111,18,2031,28,1222
182,18,1980,58,204
184,18,1839,24,2459
293,18,2154,100,5045
355,18,1891,18,1633
497,18,1946,96,5538
536,18,1881,20,9387
596,18,1917,41,4253
647,18,1907,4,4231
700,18,1800,45,5886
849,18,2178,81,5272
1191,18,2148,43,2737
1287,18,2071,60,6574
1407,18,1870,42,8085
1517,18,1909,9,1762
1584,18,2102,93,8614
1643,18,1908,64,620
1707,18,2031,6,5358
1820,18,2109,62,8073
1971,18,1938,16,3957
1979,18,2083,74,7308
141,19,1847,13,6240
180,19,1942,91,5940
301,19,1961,15,6669
306,19,1885,75,7407
410,19,1836,20,5216
570,19,2048,86,592
626,19,2018,45,3101
1064,19,2011,66,9060
1096,19,2196,87,3444
1111,19,1972,75,724
1119,19,2101,7,4535
1167,19,1946,50,1867
1200,19,1817,44,8924
1213,19,2153,93,8946
1222,19,2079,99,4826
1331,19,2153,93,955
1437,19,1885,75,6349
1521,19,1989,22,6688
1577,19,2108,42,4981
1596,19,1947,73,3194
1660,19,1947,71,2307
1668,19,2043,32,116
1745,19,2057,54,9004
1873,19,1926,55,806
1881,19,1820,28,3426
1927,19,1917,40,6108
112,20,2116,43,1661
253,20,2057,32,4824
407,20,2060,95,9482
534,20,2040,25,2953
608,20,1982,9,4263
660,20,2110,41,960
709,20,2145,38,5914
884,20,1915,44,6775
895,20,2021,7,8832
944,20,2067,77,3448
1071,20,1876,76,9947
1230,20,1809,66,1549
1377,20,1968,2,8964
1573,20,1832,17,8678
1623,20,2168,51,6169
1638,20,1843,63,9078
1693,20,2013,33,5277
1696,20,1842,74,1456
1809,20,1934,61,5886
1827,20,1947,84,2869
1882,20,1997,20,5226
1965,20,1913,73,779
36,21,1839,44,7654
159,21,1943,69,9438
232,21,1841,39,3646
286,21,2000,93,9834
318,21,1906,72,9842
461,21,1955,22,2752
503,21,2074,21,8456
511,21,1978,63,6738
522,21,1971,23,5304
527,21,2012,6,3869
572,21,1879,100,9863
633,21,1865,18,2112
655,21,2115,69,6481
770,21,2004,47,8136
802,21,2190,85,4129
842,21,1969,94,3097
927,21,1819,93,5160
930,21,2024,93,1905
957,21,1933,41,2730
1025,21,1934,47,218
1081,21,1860,64,2995
1105,21,1834,60,7185
1212,21,2074,36,1980
1258,21,2167,29,3361
1314,21,2135,63,2653
1369,21,2107,98,5350
1558,21,2085,30,2376
1749,21,2194,55,5408
1841,21,2175,30,6087
1851,21,2107,1,3777
1859,21,2032,67,3864
1868,21,1939,49,2424
1912,21,1976,24,1206
21,22,1922,59,955
100,22,2057,52,4333
110,22,2012,47,2112
130,22,2196,14,8079
213,22,1922,23,7068
222,22,2072,53,9477
305,22,2167,63,7627
340,22,1951,31,636
453,22,1893,3,981
545,22,2052,34,9268
638,22,1844,75,3980
691,22,1854,66,7480
701,22,2013,63,6814
767,22,2007,55,6158
830,22,1807,46,7392
921,22,2184,64,1809
1015,22,1941,65,9802
1245,22,2007,25,9046
1310,22,1847,98,4733
1358,22,2091,33,5316
1413,22,2123,65,4198
1766,22,1899,73,7303
1855,22,2036,28,9751
1857,22,2136,10,4582
1866,22,2005,13,7711
1966,22,1804,11,5118
91,23,1926,94,2741
170,23,1956,41,8480
176,23,1999,60,669
196,23,2192,30,6702
375,23,2137,75,3599
678,23,2048,31,9423
840,23,1861,69,3792
846,23,2061,96,6931
863,23,1956,56,797
865,23,1951,22,1509
918,23,2097,83,1796
932,23,2075,40,2559
1006,23,2015,18,7216
1066,23,2017,30,6064
1138,23,2114,20,1962
1246,23,2168,7,8252
1311,23,1939,17,8077
1454,23,2006,46,3307
1630,23,1800,5,5104
1919,23,1994,16,3328
1948,23,1912,89,9705
1959,23,2108,1,5398
25,24,2052,48,3119
125,24,1990,71,1321
264,24,1818,50,4504
317,24,2187,53,7374
369,24,2141,60,3688
406,24,2137,83,2208
418,24,1900,56,9336
456,24,1813,36,3084
495,24,1931,53,4597
499,24,1909,39,6252
539,24,2199,23,2467
574,24,2015,18,648
584,24,2117,50,8204
605,24,2167,54,4335
667,24,2018,34,5931
1020,24,1968,58,8759
1278,24,2181,45,5197
1376,24,2166,58,8103
1471,24,2157,28,2891
1502,24,1996,2,259
1519,24,1955,100,2443
1608,24,2158,36,9778
1653,24,1823,31,3764
1664,24,2184,31,1082
1701,24,2064,27,8766
1967,24,2049,81,2134
1990,24,2199,88,9614
15,25,1849,63,8373
70,25,1920,88,8378
113,25,1894,31,9063
164,25,1866,30,3817
199,25,1964,7,5074
333,25,2162,44,5474
377,25,2141,87,2369
387,25,2041,40,3970
462,25,1956,42,8588
468,25,2039,42,9620
478,25,2108,30,6588
587,25,1844,53,4064
662,25,2059,48,8080
956,25,2003,27,8371
1060,25,2000,100,9104
1067,25,1994,81,2517
1074,25,1865,14,1004
1115,25,2053,63,1342
1216,25,1938,49,994
1346,25,1974,56,8273
1421,25,1825,87,7945
1505,25,1823,58,4994
1674,25,1830,88,3790
1719,25,1808,59,2234
1791,25,1821,35,4820
1807,25,2072,68,2981
1876,25,1881,75,8993
1894,25,1841,58,4990
1982,25,2116,53,6241
1998,25,2189,10,1170
26,26,2043,32,3550
57,26,1884,64,5616
75,26,2196,89,7612
177,26,2067,76,8026
212,26,2044,4,1922
271,26,1962,100,9906
299,26,1838,37,7131
424,26,1858,60,3661
526,26,1986,78,4186
659,26,1803,79,4841
688,26,1801,92,1107
783,26,1857,37,4454
793,26,1973,78,6109
954,26,1991,24,6175
1003,26,2019,13,578
1019,26,1803,9,2527
1046,26,2113,96,2408
1088,26,1909,65,3655
1123,26,1915,23,5386
1198,26,2109,67,5788
1251,26,1993,23,4573
1284,26,2001,14,2853
1325,26,1809,30,8985
1333,26,2101,34,2236
1383,26,1951,95,3999
1460,26,1908,34,5395
1581,26,1833,62,8110
1602,26,2121,56,6337
1617,26,2001,17,3012
1742,26,1983,92,4475
1850,26,2155,54,1019
119,27,1879,6,6132
327,27,1887,35,9141
367,27,2043,44,9151
390,27,2048,17,5497
470,27,1823,62,5416
493,27,1803,12,6303
508,27,1904,76,4069
541,27,1980,10,290
569,27,1922,19,2681
722,27,2026,69,3580
933,27,2109,63,5719
991,27,2010,58,6413
995,27,2151,49,2206
1007,27,2155,71,5004
1039,27,2133,27,301
1164,27,1806,16,8288
1190,27,1879,72,9339
1252,27,1844,86,1256
1281,27,2105,37,9050
1408,27,1867,95,6555
1452,27,2039,40,971
1485,27,2136,69,6448
1613,27,2004,79,1120
1821,27,1963,9,1724
62,28,2198,46,3637
160,28,2030,77,305
189,28,1815,53,9464
372,28,1968,2,4197
397,28,1931,34,9751
414,28,2040,70,6920
433,28,2143,9,9559
490,28,1916,55,9556
548,28,1888,66,497
551,28,1809,45,2847
625,28,1978,79,2194
631,28,2009,23,2293
707,28,1885,55,7711
718,28,1807,95,567
854,28,1822,80,5797
880,28,2112,17,2753
953,28,2084,80,3539
974,28,2016,30,3046
1000,28,2200,51,7949
1061,28,1823,16,1724
1063,28,2150,59,2684
1110,28,2199,59,5311
1113,28,1994,40,1559
1168,28,2097,37,2366
1170,28,2167,26,6049
1234,28,2197,89,9858
1349,28,2080,98,188
1412,28,1863,34,6560
1448,28,2116,26,1133
1461,28,2087,72,5458
1542,28,2108,78,872
1583,28,1928,20,4369
1640,28,1856,23,1095
1888,28,1881,7,3034
1996,28,1931,71,1749
179,29,2180,9,3408
203,29,1823,2,7797
236,29,1940,53,937
298,29,1846,11,2426
476,29,2022,72,5340
552,29,1856,78,3415
675,29,1922,57,4353
782,29,1986,56,1822
805,29,2192,26,3640
878,29,2079,66,3314
926,29,1841,82,866
1005,29,2155,51,8208
1102,29,2148,51,1105
1207,29,2147,1,2303
1319,29,1803,25,3990
1342,29,1958,92,915
1351,29,2177,28,9056
1476,29,2123,36,5553
1483,29,2170,16,9046
1511,29,2195,29,4398
1513,29,1814,47,233
1539,29,2149,96,6273
1562,29,1847,12,1693
1579,29,2106,77,6270
1695,29,1945,76,4585
1699,29,1878,37,9412
1874,29,1998,38,7112
1880,29,2102,19,3921
1940,29,1832,96,9473
10,30,2047,52,514
37,30,2154,64,4005
345,30,1814,68,9243
402,30,1912,43,6338
446,30,1868,99,6382
535,30,1877,76,4230
590,30,1965,29,4995
620,30,2127,71,6870
670,30,2179,62,6492
695,30,2129,18,5194
831,30,1984,54,1741
857,30,2188,55,8380
911,30,2106,37,3715
1132,30,1906,95,2233
1134,30,2190,26,2197
1169,30,2140,78,4764
1370,30,2146,93,6685
1373,30,1950,60,8213
1481,30,2056,22,1778
1615,30,2139,1,742
1752,30,2124,83,9535
1805,30,1908,25,3760
1872,30,1911,89,2631
1891,30,2003,34,4402
1913,30,1959,5,3713
1989,30,1853,14,8883
60,31,1954,54,8785
143,31,2009,94,3732
144,31,2049,36,3098
157,31,2127,88,8383
174,31,2060,80,9374
285,31,1942,74,5406
442,31,1966,97,2257
609,31,2067,56,1920
614,31,1833,60,4452
641,31,1925,62,4079
652,31,1914,21,3396
666,31,1931,18,7102
803,31,1866,71,2244
808,31,1803,94,4524
852,31,1928,50,7050
934,31,1988,38,2841
1018,31,1845,35,5681
1028,31,1914,62,9438
1104,31,1935,1,280
1233,31,1801,2,4150
1262,31,1959,63,5744
1403,31,1874,10,8130
1582,31,1940,38,4241
1690,31,1976,19,7134
1712,31,1938,90,2397
1831,31,2116,28,1594
1946,31,1980,44,1152
33,32,2013,24,6609
61,32,1859,63,730
78,32,2032,16,8190
106,32,2174,58,9226
140,32,1892,6,5937
258,32,1809,55,7468
319,32,1986,19,2110
431,32,1959,16,3103
479,32,2057,74,7763
566,32,1923,77,3844
571,32,2180,73,2266
653,32,1874,16,6525
668,32,2167,70,3197
766,32,2193,2,1091
811,32,1871,9,8818
813,32,2078,67,4478
844,32,2173,63,6065
883,32,1927,12,3117
1201,32,1945,95,6670
1205,32,1973,85,638
1365,32,2021,23,1363
1406,32,1956,18,346
1463,32,1899,89,2475
1486,32,2063,5,976
1489,32,2014,74,3771
1552,32,1887,22,9228
1560,32,1942,55,9547
1593,32,2110,18,1328
1717,32,2129,46,3693
1751,32,1974,72,1785
1844,32,1825,30,6549
1867,32,1933,86,1582
1915,32,1860,66,8498
1917,32,2063,25,3267
1934,32,1996,19,8809
1939,32,2027,5,7537
24,33,2104,66,6051
261,33,1904,76,7914
356,33,1970,11,7531
383,33,1958,84,5378
404,33,2004,9,3185
489,33,1874,54,256
898,33,2113,8,2430
964,33,1823,35,7363
1395,33,2039,45,2636
1439,33,1890,78,5545
1457,33,1960,11,8394
1528,33,1913,63,1532
1576,33,2039,59,7537
1587,33,1829,66,6369
1661,33,1891,35,9183
1702,33,1971,24,6661
1723,33,1990,40,6794
1735,33,1858,13,5865
1787,33,2010,59,1119
1909,33,1831,52,5905
1969,33,1815,59,4475
68,34,1938,37,4470
95,34,1804,53,5393
117,34,1958,97,338
171,34,1994,99,8505
276,34,1987,15,8628
459,34,2175,28,2934
550,34,1985,67,7120
565,34,2172,40,6023
648,34,2092,30,624
716,34,1804,27,3767
764,34,1989,59,1823
819,34,2107,85,5002
832,34,1815,21,3132
868,34,2132,97,4275
893,34,2020,81,8522
897,34,1871,25,9841
976,34,2175,47,561
979,34,2032,71,8464
1077,34,2099,34,9764
1099,34,2024,44,5934
1125,34,1819,86,290
1236,34,2134,2,3476
1261,34,1950,58,3462
1276,34,1835,23,7375
1386,34,1869,27,8925
1423,34,1928,53,7392
1442,34,1948,22,5192
1544,34,2089,6,7622
1631,34,1966,67,9171
1706,34,1928,55,2040
1748,34,1980,64,4263
1793,34,2192,84,2602
1812,34,2154,15,387
32,35,2044,68,8477
40,35,2019,69,7963
168,35,1890,79,8823
220,35,1940,75,8177
234,35,2136,45,4888
238,35,1833,5,9880
538,35,2017,67,2651
583,35,2015,57,4875
712,35,2173,29,7325
886,35,2072,95,5725
973,35,2140,100,3614
977,35,2133,19,7351
1052,35,1887,44,9163
1122,35,2180,73,4195
1153,35,1987,36,1905
1203,35,2166,45,3367
1224,35,1896,19,9207
1308,35,2191,69,8377
1372,35,2022,22,6587
1433,35,1843,50,361
1482,35,1971,38,9153
1497,35,2014,57,3353
1675,35,2089,83,9790
1790,35,2168,37,3736
1798,35,1992,85,9767
1884,35,1946,97,4794
1999,35,2155,9,1167
7,36,2004,74,8818
27,36,1812,87,6342
146,36,1971,2,4692
150,36,1962,16,3916
589,36,1804,63,8080
619,36,1814,61,6986
658,36,1962,46,616
702,36,2067,64,6614
704,36,1924,63,9314
715,36,2172,31,4647
942,36,1950,34,6614
972,36,2080,95,335
1027,36,2002,92,8696
1093,36,1851,55,8688
1344,36,1851,19,8494
1385,36,2090,76,4861
1484,36,1906,81,9699
1494,36,1997,64,6976
1522,36,1909,33,5922
1564,36,2095,25,1905
1604,36,1950,64,4810
1686,36,1966,31,8828
1754,36,2111,42,6114
1895,36,1873,15,3581
1899,36,2069,4,5730
1932,36,2135,83,6517
11,37,2186,30,4020
126,37,1896,87,5895
149,37,2172,20,8575
226,37,2148,69,6173
309,37,1911,53,1437
473,37,1992,57,5664
477,37,1916,42,716
533,37,2080,12,5386
564,37,1923,93,4678
577,37,1863,16,8999
649,37,2153,50,1972
672,37,1925,33,2600
730,37,1832,4,3671
948,37,2026,24,1652
994,37,1844,41,4550
1108,37,1818,98,3322
1139,37,2053,27,228
1260,37,1871,7,4996
1271,37,2046,11,936
1330,37,1970,46,7373
1477,37,1900,57,3834
1492,37,1976,43,8071
1585,37,1921,30,1601
1607,37,2130,85,3803
1627,37,2050,40,7878
1634,37,1894,37,3484
1663,37,1975,2,1162
1732,37,1809,56,8274
1916,37,2078,18,5418
1926,37,2104,52,5535
1936,37,1864,90,9530
80,38,1929,29,8085
247,38,1839,42,970
295,38,2008,99,4920
325,38,1838,29,4674
509,38,2042,42,223
684,38,2091,31,8455
796,38,1826,57,8586
960,38,1941,37,3779
975,38,2159,98,116
985,38,2061,27,7822
1001,38,2197,54,4092
1011,38,2022,61,9999
1092,38,2036,73,1280
1177,38,1863,1,2852
1229,38,1861,78,3688
1244,38,1891,52,3702
1268,38,1980,62,5989
1322,38,1914,63,5656
1398,38,2077,84,867
1405,38,2192,4,1298
1426,38,1996,41,8194
1877,38,1988,5,9597
1950,38,1801,22,2712
1970,38,1958,96,5139
69,39,1969,27,3895
101,39,2076,13,4634
129,39,1998,22,2157
208,39,2100,53,4262
273,39,2008,97,3494
422,39,2199,75,4903
484,39,2158,1,3760
563,39,2060,6,5136
679,39,1932,7,7069
789,39,1926,14,1739
909,39,2097,100,9790
955,39,1971,19,2236
1009,39,2121,63,7140
1100,39,1809,45,8275
1206,39,1959,23,5279
1208,39,1890,18,4971
1211,39,1965,9,7650
1223,39,2007,75,5766
1231,39,1806,32,8377
1318,39,2057,27,4308
1348,39,2137,74,4669
1524,39,2083,74,3067
1561,39,1911,61,8535
1728,39,1829,15,7439
1897,39,2025,99,1431
67,40,1941,3,6556
84,40,1979,95,212
142,40,1928,59,5793
151,40,2040,60,1807
181,40,1919,70,5772
320,40,2140,58,470
400,40,2088,36,4020
594,40,2084,93,244
602,40,1807,74,5555
607,40,2003,2,9942
634,40,1974,15,8330
644,40,2075,13,7018
696,40,2089,11,884
728,40,2075,70,7169
776,40,2182,92,9049
892,40,1903,37,9836
920,40,1927,36,3508
941,40,2014,3,5347
951,40,2148,2,6249
986,40,2110,41,3603
1085,40,1910,73,7250
1185,40,2148,81,5716
1232,40,1905,90,4265
1390,40,2186,26,3659
1392,40,2170,28,8072
1434,40,2111,95,3503
1538,40,2135,43,5689
1592,40,2026,40,6600
1621,40,1951,98,8671
1900,40,2161,19,5826
52,41,2017,22,1496
81,41,2150,78,828
93,41,2157,100,1194
134,41,2051,8,3797
191,41,2030,90,6842
192,41,1889,43,9788
221,41,1938,14,5085
263,41,2162,97,9125
362,41,1909,91,5482
378,41,1810,6,8258
458,41,2172,98,2790
664,41,2167,63,2892
738,41,1871,34,4482
755,41,2014,38,4581
757,41,2099,94,9939
761,41,1876,64,7956
775,41,2169,38,3863
902,41,2139,86,778
925,41,2000,46,8625
1091,41,2079,98,6103
1118,41,2068,23,4853
1142,41,1808,96,5713
1189,41,2127,32,9794
1267,41,2147,43,9002
1353,41,2067,28,1491
1402,41,2117,27,2255
1531,41,1929,72,1509
1535,41,1916,45,1806
1677,41,2097,63,5422
1849,41,1810,45,9873
1938,41,1932,13,9940
1952,41,1885,27,1074
54,42,2116,6,5754
128,42,1985,56,3298
254,42,2079,91,8549
389,42,2070,99,7804
444,42,2153,55,1690
606,42,2159,25,9017
751,42,2171,66,7371
1087,42,2079,31,9631
1210,42,2025,67,9625
1336,42,1843,81,6772
1340,42,2172,34,8520
1462,42,2009,51,3967
1520,42,1852,45,7324
1567,42,1881,44,6934
1633,42,1998,42,5147
1722,42,1858,83,1383
1786,42,1854,94,3183
123,43,1939,50,655
155,43,1852,81,3915
280,43,2128,87,7836
294,43,1965,53,8600
650,43,1998,46,799
735,43,2028,93,1899
785,43,2136,80,6619
877,43,1903,7,6328
881,43,2109,17,5015
882,43,2034,60,2216
998,43,2123,79,4246
1187,43,2018,50,5362
1195,43,2053,98,6110
1343,43,1957,48,9119
1394,43,2004,67,6541
1404,43,1860,98,9975
1565,43,2133,32,9191
1586,43,1861,54,2695
1964,43,1875,73,7026
1985,43,1993,25,6556
2,44,1848,34,8922
132,44,1849,34,8654
133,44,2132,14,8512
223,44,2119,33,6713
241,44,2122,54,931
321,44,1844,49,2156
415,44,1974,11,2547
515,44,1914,36,1504
599,44,2084,10,7372
610,44,1933,38,3881
711,44,2127,51,9844
741,44,1961,34,4153
962,44,1916,54,1085
987,44,2179,64,3513
1040,44,1872,65,1543
1056,44,2196,32,1499
1086,44,1977,71,2952
1171,44,2172,30,3444
1248,44,2108,81,4981
1256,44,2120,55,4011
1300,44,2071,61,4529
1681,44,1956,11,4426
1703,44,2196,12,6691
1795,44,1971,12,8084
96,45,1848,56,8406
99,45,2120,74,2104
166,45,1912,48,2401
255,45,2146,32,3222
291,45,1956,71,5137
326,45,1891,78,2562
352,45,1847,39,3842
385,45,2016,5,6700
396,45,2026,75,2481
440,45,2091,2,5494
487,45,2063,31,8537
516,45,1951,34,4539
525,45,1980,5,7206
531,45,1837,78,1902
693,45,1816,42,4303
1090,45,1940,86,2493
1135,45,1881,53,8082
1149,45,2146,74,1483
1362,45,1987,44,2323
1396,45,2109,19,1630
1637,45,2124,61,8919
59,46,1858,34,8840
162,46,1938,44,669
231,46,1867,75,1133
260,46,2113,53,2736
359,46,2102,86,7702
464,46,2130,59,460
661,46,2063,42,7814
739,46,1996,33,7254
797,46,1835,59,2807
833,46,2000,55,8997
885,46,2003,25,1593
891,46,2105,25,3100
939,46,1940,35,2902
1026,46,2095,56,4512
1225,46,2195,42,5438
1316,46,2135,33,7216
1417,46,2105,15,6960
1563,46,1951,42,6221
1704,46,1853,16,2130
1778,46,2163,22,9833
183,47,2017,14,1979
269,47,1871,84,8667
272,47,1915,36,3495
284,47,1903,66,1576
399,47,2095,34,3957
436,47,2145,13,250
575,47,2029,53,6844
601,47,2143,25,6182
611,47,1996,22,609
654,47,2049,47,8516
734,47,1805,78,9267
774,47,1905,61,7709
807,47,2032,73,5315
812,47,1868,40,1194
1101,47,2174,66,9947
1220,47,1897,8,6111
1307,47,2060,51,122
1328,47,2170,78,3975
1381,47,2152,69,404
1490,47,1880,1,4254
1559,47,2195,78,3585
1594,47,2099,55,9115
1709,47,2147,25,1535
1750,47,1975,60,8365
1768,47,2134,92,3897
1788,47,1828,93,4315
1835,47,2143,96,9756
1887,47,1951,11,9701
3,48,1846,73,4508
135,48,1817,93,6496
210,48,2089,71,4880
348,48,1933,32,8481
349,48,1817,70,4125
357,48,2058,10,1397
374,48,2057,89,819
379,48,1983,60,4765
391,48,2196,63,5936
398,48,2166,23,7930
530,48,2069,60,3314
580,48,1958,94,8103
637,48,2137,8,7083
646,48,2017,95,9880
656,48,2147,95,7756
694,48,1810,58,7509
837,48,1878,78,2171
867,48,2096,26,6932
1038,48,2035,74,2272
1053,48,1949,91,6047
1057,48,1945,31,5680
1157,48,1827,50,6277
1186,48,1873,47,1231
1294,48,1992,20,9912
1529,48,2096,15,2628
1534,48,2150,57,8413
1551,48,2057,46,8296
1566,48,1822,7,2166
1580,48,1854,85,2263
1700,48,1814,1,5237
1726,48,2199,69,9823
1744,48,1841,56,3413
1760,48,1841,83,1738
1854,48,2149,70,2199
1956,48,1935,19,3256
1981,48,1861,100,5871
39,49,2161,52,3647
48,49,2085,93,3921
87,49,2054,37,2375
152,49,2175,12,104
233,49,1811,12,9082
354,49,2026,77,7456
417,49,1824,24,1284
482,49,2076,35,4078
579,49,2172,40,7714
622,49,1836,65,9675
690,49,1975,36,338
708,49,1995,45,1948
710,49,1863,76,2445
800,49,2072,76,4708
809,49,1881,37,5660
947,49,1800,13,404
965,49,1877,50,7372
1082,49,2199,35,4896
1174,49,2020,53,4684
1192,49,1984,72,7022
1302,49,1984,32,3485
1550,49,2044,8,6044
1736,49,1946,7,4926
1737,49,1968,2,3374
1810,49,2189,89,9748
1836,49,2196,47,3335
1937,49,2039,56,1438
1988,49,1940,1,5913
34,50,2105,1,1015
98,50,2146,63,4573
193,50,1926,33,9333
287,50,2077,57,1158
300,50,1957,24,8823
365,50,2037,51,8385
429,50,2163,14,4864
471,50,1825,49,8984
537,50,1955,5,9108
635,50,1922,54,4356
680,50,2116,24,5098
772,50,1885,63,3386
841,50,2108,21,1165
901,50,2109,52,374
950,50,1849,61,5162
1010,50,1859,9,7682
1016,50,2016,6,2517
1030,50,1882,41,1365
1151,50,2174,40,4791
1165,50,2164,53,5082
1240,50,1808,26,4078
1345,50,2004,76,2502
1430,50,2000,15,7966
1464,50,2002,44,2684
1830,50,2166,91,8392
1838,50,1881,16,7608
1905,50,2170,13,8365
1914,50,1832,15,3144
1944,50,1988,3,6451
1945,50,2022,50,4317
12,51,2183,85,5596
35,51,1807,36,1415
94,51,1927,57,8487
289,51,2184,65,6411
303,51,2114,88,4247
308,51,2114,61,955
311,51,1903,85,515
485,51,2143,6,9435
510,51,1915,66,4986
561,51,1971,39,6201
838,51,2032,83,6368
876,51,2085,82,1184
1014,51,2168,60,861
1033,51,1889,90,7284
1047,51,1883,36,9793
1156,51,1869,70,660
1204,51,1926,42,9982
1263,51,2194,4,3331
1312,51,1961,75,3801
1450,51,2139,60,9465
1465,51,1992,24,7897
1473,51,1883,93,1741
1671,51,1999,1,7536
1734,51,1974,14,5603
1906,51,1847,96,5932
1928,51,1933,60,4028
1987,51,2006,39,8930
44,52,1840,12,5405
121,52,2129,46,8278
249,52,1809,24,8586
257,52,2070,6,4702
573,52,1954,20,4885
592,52,2157,100,4428
597,52,2046,27,818
612,52,2023,83,2909
621,52,2118,51,3666
642,52,2176,100,3461
777,52,1889,24,9215
872,52,2127,88,4192
889,52,1963,70,6214
937,52,2040,77,1037
1097,52,2110,66,7440
1161,52,1989,30,3093
1254,52,2198,64,8750
1359,52,2139,16,3570
1418,52,1997,47,1869
1455,52,2022,12,2542
1474,52,1918,7,3446
1487,52,2069,77,6457
1612,52,2192,41,1827
1639,52,2138,28,5306
1689,52,2168,23,1921
1770,52,2045,91,7610
1885,52,1973,93,9169
1903,52,1962,35,1597
1929,52,2036,85,478
79,53,2080,61,6274
105,53,1954,97,8530
124,53,2145,13,2159
161,53,2054,69,1463
163,53,1874,66,8904
411,53,1879,40,3816
438,53,2093,42,2025
451,53,2084,31,6367
630,53,1977,44,1778
904,53,2005,26,4330
968,53,1846,9,2497
1051,53,1903,8,7057
1107,53,2148,71,6156
1371,53,1811,67,9013
1447,53,2191,92,3980
1541,53,2112,82,6186
1646,53,1880,62,1964
1669,53,1910,27,3510
1673,53,1800,25,1165
1692,53,2066,49,5799
1780,53,2112,55,2708
1815,53,1912,6,5841
1973,53,2145,88,645
5,54,2193,42,353
29,54,1972,14,1492
206,54,1894,56,7699
384,54,1965,79,9576
403,54,2004,51,3375
753,54,2181,65,9876
825,54,1987,49,2295
874,54,1993,27,5316
946,54,1929,45,1877
1182,54,1843,81,2933
1313,54,1905,73,2889
1375,54,2158,99,7429
1378,54,1838,79,656
1401,54,2007,28,5298
1446,54,2189,82,1678
1468,54,1911,58,1949
1472,54,1918,87,7296
1498,54,1982,36,2664
1758,54,1891,83,5674
13,55,1952,25,2050
307,55,1834,9,5607
314,55,1839,71,6981
346,55,1932,67,475
347,55,1906,10,9162
448,55,1931,100,1343
491,55,2026,87,918
505,55,2184,5,8260
507,55,2158,41,5095
542,55,1874,8,8941
603,55,1878,58,3676
714,55,1870,84,3002
745,55,2043,50,2644
860,55,1926,39,4865
935,55,1916,95,9406
958,55,2134,12,1920
1041,55,2041,76,2048
1080,55,1980,58,2110
1130,55,2012,7,301
1141,55,1860,69,1962
1296,55,1802,53,8788
1315,55,2081,93,9807
1667,55,1941,67,8967
1697,55,1868,79,4535
1776,55,1923,79,9882
1886,55,2122,27,1773
86,56,1922,33,565
578,56,1900,20,4386
627,56,1898,100,9313
817,56,1983,42,4230
818,56,1981,78,6754
980,56,1871,58,8224
1242,56,2089,57,9687
1253,56,2140,73,3649
1297,56,1979,40,4966
1428,56,2099,19,8100
1459,56,1961,39,3727
1493,56,2178,46,6617
1772,56,2103,58,3308
1864,56,2009,36,4396
1921,56,2008,44,6632
137,57,2100,79,4304
185,57,2012,3,5164
227,57,1965,22,6996
344,57,1977,59,3922
450,57,1840,71,9956
544,57,2174,73,4641
553,57,1839,77,6014
556,57,1833,74,7112
567,57,1897,94,4204
663,57,1892,18,4031
720,57,2100,5,5334
786,57,1931,83,5865
900,57,2164,58,9136
966,57,1861,45,7478
1021,57,2159,82,4043
1255,57,1811,92,4956
1306,57,1981,7,6082
1350,57,1852,99,4027
1352,57,2148,40,4228
1356,57,2158,82,6821
1399,57,2141,82,3419
1458,57,2032,28,1375
1515,57,1831,62,8336
1614,57,2050,97,2148
1651,57,1962,38,3803
1764,57,1802,62,1073
1828,57,2037,70,1161
1910,57,2144,100,9422
85,58,2163,59,8713
109,58,1857,93,6548
209,58,1922,96,4261
230,58,2033,6,4019
244,58,1905,78,480
266,58,1811,65,6644
288,58,1984,87,4194
416,58,1898,54,4968
423,58,2013,75,4678
434,58,2054,53,7128
506,58,1908,85,5823
651,58,2079,65,1373
746,58,1825,13,9967
823,58,1911,99,9396
845,58,1975,65,9497
905,58,2121,84,9049
917,58,1859,6,161
1150,58,2162,67,465
1227,58,2117,91,3432
1292,58,1810,99,6416
1432,58,1882,40,610
1532,58,2084,59,4437
1628,58,1894,62,5323
1688,58,1900,94,318
1840,58,1835,48,8412
1993,58,1943,39,8057
88,59,2113,70,8840
116,59,1950,60,2482
131,59,1838,88,4320
215,59,2066,44,3044
337,59,2121,9,9468
392,59,2113,69,5345
472,59,2017,57,5384
687,59,1852,97,4591
731,59,1948,68,2115
747,59,1954,52,1186
827,59,1972,2,4565
906,59,2071,12,2230
961,59,1919,70,4314
1035,59,2030,26,934
1162,59,1926,82,2080
1181,59,1907,31,4341
1283,59,1844,64,4137
1320,59,1927,80,3064
1525,59,2194,94,5702
1658,59,2125,28,7376
1774,59,2082,67,5694
1883,59,2021,49,8788
1892,59,1993,58,5004
1898,59,1846,96,7813
1918,59,2136,53,3214
1953,59,1841,32,4081
73,60,2187,17,5664
178,60,2189,23,5146
313,60,1831,28,5313
373,60,2028,33,2016
388,60,1820,82,6775
426,60,1898,37,6739
445,60,2057,98,6076
1044,60,2045,9,6323
1059,60,2117,64,3178
1112,60,1845,93,6767
1275,60,1897,52,8734
1288,60,2186,15,8471
1301,60,2181,82,8771
1379,60,2094,99,7073
1512,60,2084,90,7058
1575,60,2161,27,4476
1647,60,2048,19,2471
1680,60,1826,71,1386
1705,60,1802,34,9574
1757,60,1927,61,5113
1802,60,2103,90,3548
8,61,2064,66,7019
16,61,1853,37,3923
18,61,2169,58,8721
23,61,2149,77,9792
368,61,2179,35,9202
382,61,1891,57,7245
413,61,1928,58,8257
496,61,2188,45,6860
585,61,2135,25,9440
671,61,1894,62,7701
681,61,2115,67,8486
732,61,1924,54,3069
887,61,2106,71,5981
890,61,1939,25,9676
1049,61,1842,11,5817
1094,61,2115,39,4479
1155,61,2007,55,5984
1158,61,1904,28,6270
1188,61,2168,98,1325
1272,61,2083,13,3643
1341,61,1839,80,1572
1355,61,1874,78,3837
1364,61,1862,42,1447
1374,61,1925,37,7705
1508,61,1904,68,3950
1553,61,2139,62,5304
1595,61,2031,4,4309
1611,61,2184,72,1408
1655,61,1982,12,3899
1682,61,2082,25,4791
1685,61,2099,31,7334
1746,61,2086,3,8115
1808,61,1815,14,9530
1833,61,1865,91,6550
1958,61,2061,25,9307
41,62,2170,35,6940
50,62,1936,96,1662
118,62,1949,65,8861
205,62,2149,81,3361
270,62,2083,79,8629
312,62,2044,16,2859
332,62,2075,14,1520
586,62,1992,81,1030
683,62,1984,17,770
706,62,2053,14,7959
729,62,2167,55,4459
847,62,2174,14,4180
907,62,2072,90,4479
990,62,1856,20,992
1013,62,2184,62,8065
1073,62,1968,72,7258
1148,62,2056,20,6033
1239,62,1911,34,3099
1247,62,1801,53,6127
1266,62,2183,70,4779
1323,62,1904,67,3371
1332,62,2082,42,3068
1415,62,2002,85,818
1438,62,1801,8,3450
1480,62,2083,49,155
1598,62,2026,39,7017
1662,62,2054,76,502
1769,62,2046,98,1819
1862,62,2196,35,1784
46,63,1980,56,4473
242,63,1879,52,8137
274,63,1944,7,7888
310,63,2022,35,3811
474,63,1883,55,806
558,63,1882,32,8932
697,63,1989,12,1422
1687,63,1843,14,5690
1796,63,1805,5,5105
1847,63,2155,35,5821
1858,63,1829,32,6782
1922,63,1804,100,6017
47,64,1892,49,7742
65,64,1803,70,7942
364,64,2200,33,4001
532,64,2105,86,5964
689,64,2125,88,978
762,64,1885,48,6467
866,64,1876,9,5194
903,64,1968,88,9703
982,64,2001,80,9606
1023,64,1972,88,756
1072,64,1865,17,5195
1228,64,2089,25,1181
1274,64,2104,27,711
1295,64,2049,78,8152
1335,64,1816,77,5682
1361,64,2049,35,8129
1367,64,1897,43,4803
1388,64,1921,85,199
1397,64,1974,92,2737
1516,64,2089,82,923
1537,64,1834,17,361
1557,64,2024,27,5174
1599,64,2172,46,1836
1676,64,1916,91,3618
1792,64,1966,9,1443
1794,64,2099,59,2792
1863,64,2096,73,7784
1980,64,2192,100,6649
19,65,1858,50,4223
92,65,1859,56,3405
336,65,2118,28,9808
361,65,2141,43,3288
699,65,1937,47,3548
736,65,1996,77,6051
752,65,1964,29,8717
910,65,1901,43,282
1095,65,1865,20,5550
1114,65,1854,35,5876
1140,65,2113,13,3767
1143,65,2127,99,7313
1280,65,1964,94,2821
1326,65,2148,55,8705
1440,65,2040,97,7584
1449,65,2030,2,9910
1507,65,1856,37,2277
1568,65,1941,2,2265
1570,65,2013,89,228
1578,65,1948,15,3713
1589,65,1846,19,7063
1642,65,1954,76,6387
1784,65,2107,71,8502
1800,65,1988,65,1669
1908,65,2133,73,8289
127,66,1965,38,326
136,66,1870,86,8251
153,66,2085,26,1729
302,66,2190,83,4716
304,66,2135,60,3075
408,66,2190,76,4403
501,66,2195,16,4467
555,66,1967,10,249
645,66,1912,17,8732
726,66,1848,22,6431
733,66,2083,86,9524
778,66,2036,97,5821
791,66,1988,56,4115
858,66,1901,17,4561
1054,66,2192,95,6431
1109,66,1800,71,2612
1126,66,1960,89,2924
1257,66,2146,26,5540
1279,66,1841,81,2745
1338,66,2037,62,8148
1441,66,1937,39,4296
1500,66,1926,8,5429
1622,66,2092,21,5026
1782,66,2032,95,5240
1955,66,2001,79,9370
1968,66,1931,53,8711
64,67,1957,68,7674
74,67,2189,75,9827
103,67,1803,60,1088
277,67,1991,68,4144
296,67,1972,71,2598
331,67,2141,53,2908
342,67,2164,25,1012
358,67,1992,81,3806
427,67,2071,83,9485
439,67,2166,7,8899
449,67,2172,10,7341
514,67,1823,51,2362
524,67,2147,16,343
748,67,1834,29,4959
756,67,1837,99,1799
814,67,1881,17,6616
836,67,1863,24,4248
850,67,1918,16,9384
851,67,2112,98,5306
929,67,1967,80,2362
988,67,1863,15,7977
1176,67,2001,4,1166
1196,67,2032,95,6257
1197,67,1936,77,2736
1235,67,2165,99,3376
1317,67,2063,85,8007
1400,67,2033,59,1013
1626,67,1920,24,4292
1678,67,2046,36,5340
1765,67,2057,42,8168
1811,67,1909,66,503
1861,67,1815,19,9298
186,68,1958,64,2228
371,68,1899,64,6251
376,68,1887,34,2844
435,68,2064,99,4645
454,68,1884,88,5979
582,68,1833,40,4394
724,68,2054,56,1791
749,68,1898,91,7376
765,68,2049,52,7989
843,68,1965,84,9852
1241,68,2195,52,3210
1299,68,2183,57,2859
1466,68,1901,51,7363
1479,68,2001,3,3544
1649,68,1985,21,5623
1691,68,2008,39,8226
1711,68,1849,91,7202
1714,68,1913,72,5903
1716,68,1848,99,5287
1816,68,2088,68,7841
1923,68,1962,93,189
1972,68,2107,11,6743
1,69,1971,35,9291
4,69,2150,64,1973
115,69,2085,41,7042
188,69,1837,57,1691
240,69,2120,86,442
341,69,2163,89,8102
480,69,1833,2,3214
492,69,1851,25,2829
540,69,2049,37,8277
576,69,1997,19,8890
639,69,2133,80,6898
992,69,1973,28,2300
1008,69,1804,73,5776
1078,69,1931,92,2609
1173,69,2126,17,2843
1237,69,1802,42,9349
1243,69,1976,29,7740
1509,69,2033,63,4746
1644,69,1999,26,6489
1679,69,1891,52,4756
1710,69,2025,70,1342
1715,69,2188,31,7219
1725,69,2017,7,7950
1860,69,1801,2,9908
1983,69,1937,100,7791
1986,69,1845,14,5482
17,70,2171,29,9465
63,70,2159,4,5388
122,70,2002,87,580
139,70,1821,61,7062
172,70,2112,18,4420
219,70,1889,17,7036
315,70,2169,17,9012
488,70,2055,92,7833
676,70,2169,32,6753
723,70,2155,99,6949
787,70,2101,30,6848
798,70,2127,18,4946
879,70,2089,61,4318
943,70,2115,72,3052
1004,70,1997,37,7521
1037,70,1896,63,7108
1070,70,1956,23,7806
1179,70,2030,9,2969
1221,70,1947,91,5576
1444,70,2014,1,5908
1491,70,2184,60,6384
1496,70,2074,98,1422
1530,70,2191,35,5939
1600,70,1915,79,3490
1605,70,1969,64,9881
1610,70,2024,86,3138
1624,70,2139,68,4747
1739,70,1909,79,7532
1819,70,1928,59,1095
1825,70,2164,84,8336
1856,70,1840,21,9339
45,71,2074,44,4186
158,71,2082,46,6379
165,71,1821,27,3600
259,71,2188,83,3914
330,71,1843,66,4303
335,71,1814,17,1314
405,71,1958,60,6310
520,71,1954,74,1857
618,71,1843,78,4650
636,71,2170,64,9161
698,71,1846,12,8951
790,71,2181,59,9161
922,71,2143,98,2155
923,71,1969,64,7758
1079,71,2093,86,9003
1214,71,1851,90,4472
1414,71,1913,93,2479
1574,71,1941,62,2861
1672,71,2176,30,6914
1865,71,2184,2,7203
42,72,2165,31,4631
246,72,1941,63,1604
328,72,1837,98,2288
393,72,1913,20,5920
549,72,1835,23,7284
628,72,1995,26,2737
725,72,2044,37,3943
779,72,1809,25,2500
780,72,2190,8,6027
1012,72,1902,85,4823
1277,72,1854,99,947
1389,72,1934,93,8643
1410,72,2138,47,6549
1488,72,2142,19,1944
1618,72,2117,54,7414
1684,72,2088,65,3025
1720,72,2168,16,6757
1762,72,1804,69,6586
1763,72,1894,88,2825
1785,72,2053,59,4560
1871,72,2136,49,9934
1902,72,2178,97,5944
1925,72,2159,4,1312
216,73,1919,85,1618
401,73,1971,8,4751
523,73,2072,78,6733
560,73,1899,9,1819
568,73,1928,57,9164
588,73,2029,20,6950
593,73,2054,9,8468
940,73,2145,97,507
1017,73,1948,49,8514
1024,73,2102,81,9461
1050,73,1946,71,4737
1133,73,2067,88,3096
1264,73,1804,90,8534
1636,73,1810,84,3628
1683,73,1922,81,1526
1718,73,2165,85,8903
1837,73,2054,97,468
1957,73,1976,25,7846
6,74,2124,36,581
89,74,1939,9,9956
145,74,1990,73,3803
147,74,1819,53,5884
250,74,2137,8,8795
292,74,2012,62,4207
323,74,1990,75,6187
428,74,1938,61,5846
443,74,2169,30,9051
455,74,1849,99,6380
469,74,2064,21,5554
632,74,2145,11,4962
665,74,2006,88,4443
737,74,1925,32,5551
820,74,1910,89,379
938,74,2126,15,7114
952,74,2172,70,586
1022,74,2014,42,8452
1116,74,2167,27,5198
1166,74,1949,35,9394
1199,74,1857,16,2873
1250,74,2128,32,8334
1409,74,2084,80,897
1419,74,2032,39,3107
1506,74,2035,86,174
1536,74,1853,68,7210
1747,74,2142,13,258
1761,74,1828,81,1148
1935,74,1937,13,6727
66,75,2038,34,9097
202,75,1964,28,8718
207,75,2136,26,6982
235,75,2004,3,2848
281,75,2180,66,2125
395,75,2109,97,1730
481,75,1938,92,1128
547,75,1987,97,770
613,75,1873,85,5417
769,75,1889,19,8378
804,75,2108,90,7446
829,75,1864,3,4968
945,75,1986,13,3924
997,75,2022,6,4510
1209,75,1859,10,1218
1289,75,2178,56,3427
1329,75,2190,11,5559
1387,75,1887,69,6390
1436,75,2008,32,3669
1571,75,2034,72,1309
1730,75,2110,44,9620
1781,75,2158,16,7924
1822,75,2025,47,770
1829,75,2075,98,3022
1975,75,1849,45,3491
1991,75,2049,24,7116
38,76,1904,62,5439
104,76,1874,82,271
169,76,2163,6,7233
224,76,1822,8,7611
248,76,2027,10,9648
267,76,2017,76,7202
457,76,1843,61,9373
740,76,1877,55,5017
794,76,2014,89,6975
834,76,2159,13,4254
896,76,1846,51,5298
924,76,1997,22,8713
1045,76,1852,98,736
1089,76,1845,55,1396
1145,76,1853,95,7878
1286,76,2124,56,9213
1303,76,2141,35,2363
1650,76,2136,25,7911
1657,76,2071,61,8282
1738,76,1990,92,9642
1775,76,2104,28,3693
1869,76,2081,74,7521
1890,76,2144,6,7436
1911,76,2015,29,973
1931,76,2098,74,1899
1949,76,2014,98,2922
1977,76,1995,40,3403
1994,76,1830,84,7682
49,77,1882,6,9017
228,77,1895,39,1670
394,77,1899,51,732
705,77,1883,56,9934
743,77,2126,48,8421
744,77,1938,80,643
771,77,1922,17,7982
855,77,2167,15,7455
871,77,2009,100,8548
931,77,2090,2,4504
983,77,1996,72,705
1034,77,2029,99,6332
1249,77,1854,6,5524
1427,77,2119,45,2297
1467,77,1829,73,7020
1652,77,2200,95,3443
1779,77,1935,76,9480
1803,77,2067,92,9972
1832,77,1876,75,1506
1870,77,2010,52,5544
1947,77,2052,54,2627
1954,77,2006,50,7178
1961,77,2038,77,7462
1974,77,2172,82,4308
